Country,Happiness_Score_2015,Happiness_Score_2016,Happiness_Score_2017,Happiness_Score_2018,Happiness_Score_2019,Unemployment_Rate_2015,Unemployment_Rate_2016,Unemployment_Rate_2017,Unemployment_Rate_2018,Unemployment_Rate_2019,GDP_Per_Capita_2015,GDP_Per_Capita_2016,GDP_Per_Capita_2017,GDP_Per_Capita_2018,GDP_Per_Capita_2019,GDP_Per_Capita_Growth_2015,GDP_Per_Capita_Growth_2016,GDP_Per_Capita_Growth_2017,GDP_Per_Capita_Growth_2018,GDP_Per_Capita_Growth_2019
Switzerland,7.587,7.509,7.49399995803833,7.487,7.48,4.8,4.92,4.8,4.71,4.39,84776.1421659748,83073.2800824812,83352.0886533412,86388.4049527184,85334.5194620909,0.507122105703075,0.9368837412635,0.641284065674213,2.16156965343124,0.491609144873692
Iceland,7.561,7.501,7.50400018692017,7.495,7.494,3.98,2.98,2.74,2.7,3.51,52951.6815110898,61987.9263620283,72010.1490316258,74469.8040591559,68941.4622272394,3.35414533328364,4.83829921427557,1.7794101347671,2.12030149363669,0.206935274875605
Denmark,7.527,7.526,7.52199983596802,7.555,7.6,6.28,5.99,5.83,5.13,5.02,53254.8563700916,54663.9983719195,57610.0981801135,61591.9288698958,59775.7350964515,1.62216625804921,2.44336887407066,2.16235511316152,1.4850851572351,1.7496140950622
Norway,7.522,7.498,7.53700017929077,7.594,7.554,4.3,4.68,4.16,3.8,3.69,74355.5158575643,70460.5605323322,75496.7540581998,82267.809316159,75719.7528965342,0.95750076290291,0.185059679800673,1.50018092554136,0.453550486030423,0.0679926261787642
Canada,7.427,7.404,7.31599998474121,7.328,7.278,6.91,7.0,6.34,5.83,5.66,43596.1355365546,42315.6037056806,45129.3564395662,46548.5203600809,46338.3409560127,-0.089285801148975,-0.135842621321913,1.81111454911982,1.33547089037103,0.448132391437483
Finland,7.406,7.413,7.4689998626709,7.632,7.769,9.38,8.82,8.64,7.36,6.69,42784.6983616432,43784.2839622098,46297.4963459994,49964.4999098426,48628.641762105,0.213029419665261,2.5163798952421,2.95053137282473,1.00788071036347,1.10927871251762
Netherlands,7.378,7.339,7.3769998550415,7.441,7.488,6.87,6.01,4.84,3.83,3.38,45175.2318933798,46007.8529206547,48554.9922761756,53018.6293562696,52476.2732533327,1.50826618391271,1.64931554652068,2.30428473259315,1.76493726416223,1.28988912106223
Sweden,7.364,7.291,7.28399991989136,7.314,7.343,7.43,6.99,6.72,6.36,6.83,51545.4836095322,51965.1571531985,53791.5087298403,54589.0603860606,51939.4297445291,3.39017629600058,0.79614630049835,1.19514757132167,0.772577449000039,0.957561656419784
New Zealand,7.286,7.334,7.31400012969971,7.324,7.307,5.41,5.15,4.74,4.33,4.11,38630.7265886928,40080.4941137172,42992.8952738896,43306.0700032372,42755.2162634522,1.61720893840365,1.42623836172024,1.47153285884679,1.37354364665912,0.0275641486978628
Australia,7.284,7.313,7.28399991989136,7.272,7.228,6.05,5.71,5.59,5.3,5.16,56707.0220772116,49881.7637140466,53934.2501750463,57180.7794001614,54875.2859563351,0.712256477964445,1.1493474640983,0.587161102950546,1.302840712022,0.571102988410345
Israel,7.278,7.267,7.21299982070923,6.814,7.139,5.25,4.8,4.22,4.0,3.8,35808.4364289727,37330.261796968,40774.1296073227,42063.4531274811,43951.2477305677,0.273166454342856,2.43486113607949,2.37294959239584,1.99923149357343,1.81135890882076
Costa Rica,7.226,7.087,7.0789999961853,7.072,7.167,9.0,8.6,8.14,9.63,11.49,11642.7780517194,12011.2227544354,12225.5744931403,12485.423896168,12693.8279560372,2.53138328642916,3.10830677496124,3.09256633767137,1.60014007285719,1.28151371094327
Austria,7.2,7.119,7.00600004196167,7.139,7.246,5.72,6.01,5.5,4.85,4.49,44178.0473777432,45276.8314351693,47312.0062332199,51461.4332150082,50114.4011099728,-0.111540189504495,0.892469139632297,1.55072408627153,2.00355252390945,1.04090811975335
Mexico,7.187,6.778,6.57800006866455,6.488,6.595,4.31,3.86,3.42,3.28,3.48,9616.64555810607,8744.51555912786,9287.84958732302,9686.98492655586,9950.45008048459,2.01903688371814,1.40302067337798,0.931456541585035,1.05031421707116,-1.26011567224396
United States,7.119,7.104,6.99300003051758,6.886,6.892,5.28,4.87,4.36,3.9,3.67,56863.3714957652,58021.4004997125,60109.6557260477,63064.4184096731,65279.5290260953,2.31944145566627,0.977012681566976,1.68732140604138,2.45567919884604,1.69701129870931
Brazil,6.983,6.952,6.63500022888184,6.419,6.3,8.43,11.6,12.82,12.33,11.93,8813.98980647828,8710.06328995352,9928.67589653405,9151.38173161536,8897.55296585529,-4.35147506604415,-4.06941092381417,0.508337980314494,0.988960032623851,0.651853445818901
Luxembourg,6.946,6.871,6.86299991607666,6.91,7.09,6.67,6.29,5.52,5.59,5.59,105419.608507426,106826.726448542,109921.031443585,117197.48169363,113218.713349678,-0.115476305532894,2.73979180152419,-1.11611296239622,0.0557319419873323,1.27627264670255
Ireland,6.94,6.907,6.97700023651123,6.977,7.021,9.91,8.37,6.71,5.74,4.95,61987.5509982224,62818.9663649805,69601.683881773,79068.9746116787,80886.6157387104,23.9990932049163,0.896822101077149,7.76044197686218,7.68774579482279,3.49190099133891
Belgium,6.937,6.929,6.89099979400635,6.927,6.923,8.48,7.83,7.09,5.95,5.36,40991.8081381432,41984.1030335609,44089.3100875118,47519.5530968943,46591.4916067396,1.45189336758756,0.755268919102846,1.22886623616918,1.35679144535901,1.59897001717071
United Arab Emirates,6.901,6.573,6.64799976348877,6.774,6.825,1.77,1.64,2.46,2.35,2.23,38663.4005026605,38141.8671313451,40644.7911901772,43839.3244866903,42701.4430454782,4.50781768694726,1.90520573929507,1.01143077389321,-0.320590314360061,1.93443148259161
United Kingdom,6.867,6.725,6.71400022506714,7.19,7.054,5.3,4.81,4.33,4.0,3.74,45404.5677734722,41499.5557033073,40857.7555829627,43646.9519711493,43070.4983595888,1.81266163797693,1.4913642994284,1.44292936752505,1.03685521942496,1.0999959123708
Singapore,6.798,6.739,6.57200002670288,6.343,6.262,3.79,4.08,4.2,3.64,3.1,55646.6187469505,56848.1753918367,61176.4563611565,66679.0464899752,65640.7079484985,1.77390780774796,1.99706567047267,4.42782016185458,3.01247744349737,0.192150836011294
Panama,6.786,6.701,6.4520001411438,6.43,6.321,2.98,3.26,3.86,3.83,4.73,13630.3011411301,14343.9802572159,15146.4085115348,15544.9990788449,15774.2549406847,3.94283658821021,3.17045468651418,3.79946361861217,1.94510324446577,1.29253637338742
Germany,6.75,6.994,6.95100021362305,6.965,6.985,4.62,4.12,3.75,3.38,3.14,41086.7296737253,42107.5172703074,44542.2952040833,47950.1808142041,46794.8992915603,0.617105353219898,1.40810207548923,2.29720604740949,0.782690047310425,0.827864779161388
Chile,6.67,6.705,6.65199995040894,6.476,6.444,6.51,6.74,6.96,7.23,7.29,13574.1692377524,13753.5921485096,14998.8170563218,15888.144355397,14741.7144039936,1.10598439797978,0.372098730561632,-0.247251358761787,2.28112103495536,-0.245035756890886
Qatar,6.611,6.375,6.375,6.374,6.374,0.17,0.15,0.14,0.11,0.1,63039.1126258027,57162.9680117767,59124.8672712073,65907.9484350408,62276.4286944365,0.404893040090641,-0.37872450351378,-4.04077563441363,-0.837914028240689,-1.1032324087458
France,6.575,6.478,6.44199991226196,6.489,6.592,10.35,10.05,9.41,9.02,8.41,36638.184929157,37037.3741861219,38685.2584944953,41572.4850099629,40578.6442850534,0.754024352327519,0.829056664516742,1.99499844733441,1.58587880599642,1.62035845279964
Argentina,6.574,6.65,6.59899997711182,6.388,6.086,7.52,8.11,8.35,9.22,9.84,13789.060424772,12790.2424732447,14613.041824658,11795.1593866287,10056.637940265,1.62966427946263,-3.11006389821465,1.75764818265694,-3.60160975657155,-2.99438788864292
Czech Republic,6.505,6.596,6.60900020599365,6.711,6.852,5.05,3.95,2.89,2.24,2.01,17829.6983223668,18575.2320271915,20636.199952435,23419.7356136502,23660.1488068317,5.18140265379816,2.34055226080498,4.88972204225595,2.85410811330968,2.62455743475904
Uruguay,6.485,6.545,6.4539999961853,6.379,6.293,7.49,7.84,7.89,8.34,8.88,15613.7459681824,16715.6334746253,18690.8938401411,18703.8602924478,17688.01500769,0.0302704170296124,1.32968121444294,1.25792913208215,0.109558005853614,-0.0101989840723036
Colombia,6.477,6.481,6.35699987411499,6.26,6.125,8.3,8.69,8.87,9.11,9.96,6175.8760297026,5870.77795724165,6376.70671552601,6729.58333198168,6424.9794924083,1.75788371739232,0.70068863785022,-0.163409332080448,1.01285604228866,1.88927448744572
Thailand,6.455,6.474,6.42399978637695,6.072,6.008,0.6,0.69,0.83,0.77,0.72,5840.05306687798,5993.30551610045,6593.81835157138,7296.87960772339,7817.00967118918,2.72014084683276,3.05004792655492,3.81867425078065,3.86148228881737,1.97689245743686
Saudi Arabia,6.411,6.379,6.3439998626709,6.371,6.375,5.59,5.65,5.89,6.04,5.67,20627.9269288204,19878.7638365016,20802.4663134648,23337.0175494347,23139.7979808237,1.47706007191984,-0.603769618995187,-2.71382744999026,0.605723335699551,-1.32503213598616
Spain,6.329,6.361,6.40299987792969,6.31,6.354,22.06,19.63,17.22,15.25,14.1,25732.0183647454,26505.3432155204,28100.5862419453,30349.7520984361,29555.3156985079,3.91576845137082,2.94434855983185,2.73236058269681,1.84175785793946,1.35796294893549
Malta,6.302,6.488,6.52699995040894,6.627,6.726,5.38,4.69,4.0,3.66,3.62,24921.6036820869,25741.4460613677,28250.6977747589,30672.2922439038,30186.1959621979,7.02341289238701,1.73573001006562,5.19857739445129,1.56979969325337,1.47093023044587
Kuwait,6.295,6.239,6.10500001907349,6.083,6.021,2.2,2.16,2.2,2.16,2.17,29869.552753237,27653.1576200281,29759.4674745278,33399.0604365842,32373.2511220507,-3.20057857283761,-0.228710261590166,-7.04349989138754,-0.741247102578228,-1.23785408626549
El Salvador,6.13,6.068,6.00299978256226,6.167,6.253,4.0,4.42,4.39,4.01,4.17,3705.57970353453,3805.99568574434,3910.25440332717,4052.62477533742,4167.73093878563,1.91334416315701,2.04553340356148,1.73469434223202,1.9119532499339,1.86206594609182
Guatemala,6.123,6.324,6.4539999961853,6.382,6.436,2.51,2.58,2.46,2.28,2.19,3994.63691288475,4173.30166619474,4454.04814983548,4478.42464550944,4638.63494319511,2.34629514622338,0.989365749396498,1.41564884120322,1.68170693128233,2.25871189837592
Uzbekistan,6.003,5.987,5.97100019454956,6.096,6.174,5.2,5.2,5.8,5.84,5.85,2753.97107219949,2704.67718798168,1916.76464246779,1597.0683366109,1784.00981608195,5.36481697232252,4.10607276057955,2.6524847322477,3.54079676338269,3.74451756655768
Japan,5.987,5.921,5.92000007629395,5.915,5.886,3.4,3.1,2.8,2.4,2.4,34960.6393843385,39400.7393559257,38891.0862716856,39808.1685608793,40777.6086970512,1.66846511711745,0.870046944792136,1.84270905806171,0.762860909889355,0.480088200168893
Ecuador,5.975,5.976,6.00799989700317,5.973,6.028,3.62,4.6,3.84,3.53,3.81,6124.49088707134,6060.09296156791,6213.50312736888,6295.93466163992,6222.52465327248,-1.50763431990521,-2.89801879626653,0.573913173998349,-0.483429077922167,-1.65324963404186
Bahrain,5.96,6.218,6.08699989318848,6.105,6.199,1.2,1.19,1.18,1.2,1.2,22634.0856475674,22608.4525623673,23742.9373424159,24085.955988096,23551.9300857404,-0.187595037097779,-0.359639348486056,-0.475473381759144,-2.76780486148901,-2.32252085763781
Italy,5.948,5.977,5.96400022506714,6.0,6.223,11.9,11.69,11.21,10.61,9.95,30230.2263021296,30939.7142462298,32326.6742113994,34605.2627252058,33641.6337513622,0.875477401786128,1.46569044434084,1.82033385192226,1.11781661979235,1.57473771632701
Bolivia,5.89,5.822,5.82299995422363,5.752,5.779,3.11,3.5,3.65,3.52,3.82,3035.97165489786,3076.65643989367,3351.12434384125,3548.59078021377,3552.06814321502,3.28269893653157,2.73197634742475,2.69615523107971,2.75216346209768,0.796516093647838
Moldova,5.889,5.897,5.83799982070923,5.64,5.529,4.7,4.02,4.1,4.11,5.1,2732.45711293733,2880.43928129296,3509.69345025814,4230.3630367862,4491.6888269382,0.45004942257944,5.61462069937306,6.4771604801543,6.10943256779568,5.36569849707125
Paraguay,5.878,5.538,5.49300003051758,5.681,5.743,4.56,5.25,4.61,6.22,6.59,5413.77602061858,5324.60906777777,5678.8699722,5782.78454981286,5380.9633218413,1.58379371049865,2.89685661490968,3.44894824730363,1.88363182374449,-1.65407082014168
Kazakhstan,5.855,5.919,5.81899976730347,5.79,5.809,4.93,4.96,4.9,4.85,4.8,10510.7718884149,7714.84184376024,9247.58133129626,9812.62637077396,9812.5958082732,-0.268267117815142,-0.327514633495582,2.69343213409591,2.74053637969105,3.16101154004124
Slovenia,5.848,5.768,5.75799989700317,5.948,6.118,8.96,8.0,6.56,5.11,4.45,20881.7669299329,21663.643413767,23455.9447259222,26104.1027889949,25942.9547741436,2.13325802761534,3.11634660116351,4.74710618321161,4.04458737932572,2.53409090453896
Lithuania,5.833,5.813,5.90199995040894,5.952,6.149,9.12,7.86,7.07,6.15,6.26,14258.2293345128,14998.1250595137,16843.699654691,19176.812150505,19575.768481407,2.98891297061452,3.82984126408542,5.75104655735379,4.99035385554106,4.85094975391134
Nicaragua,5.828,5.992,6.07100009918213,6.141,6.105,4.7,3.9,3.3,5.2,5.21,2049.8516660809,2107.5740596602,2159.15671369193,2014.57518879047,1926.69969398276,3.43655908431992,3.22379915267035,3.30721604895172,-4.56925348119202,-4.85210864564721
Peru,5.824,5.743,5.71500015258789,5.663,5.697,3.27,3.74,3.69,3.49,3.38,6229.10067398112,6204.9964574796,6710.50760214164,6957.79341149359,7027.61220697723,1.96334440822348,2.42290485450216,0.829126308957157,2.19794844938977,0.565474347551628
Belarus,5.813,5.802,5.56899976730347,5.483,5.323,5.84,5.84,5.65,4.76,4.16,5967.05220384914,5039.68188628499,5785.67067254068,6360.06247301284,6837.71782606351,-3.95725125382174,-2.61191380516274,2.64480752237135,3.36999151883471,1.60481819172
Poland,5.791,5.835,5.97300004959106,6.123,6.182,7.5,6.16,4.89,3.85,3.28,12578.4954734362,12447.4395912808,13864.6817579973,15468.4822194105,15732.2031311754,4.30581423680569,3.1860709143334,4.81757385257684,5.35391420222633,4.77053944228503
Malaysia,5.77,6.005,6.08400011062622,6.322,5.339,3.1,3.44,3.41,3.3,3.26,9955.24272167626,9817.78709031009,10259.3048064811,11380.0820900475,11432.8229973018,3.68772164252655,3.04160128473568,4.38394395688798,3.43515895806416,3.0608088603617
Croatia,5.759,5.488,5.29300022125244,5.321,5.432,16.18,13.1,11.21,8.43,6.62,11933.3773788281,12527.7398569824,13629.289592247,15227.5600968096,15311.766903695,3.37409280662597,4.25801634230318,4.6631756701545,3.82352734471229,4.05697922398092
Libya,5.754,5.615,5.52500009536743,5.566,5.525,19.53,19.53,19.37,19.45,19.66,4337.91913919348,4035.19680169994,5756.69932474775,7877.12460954542,7685.94813248318,-9.6611400412838,-3.9011207222389,24.9760381703571,13.4460867409219,1.03987886556195
Jamaica,5.709,5.51,5.31099987030029,5.89,5.89,13.51,13.19,11.63,9.1,7.69,4907.927415189,4843.74989999401,5070.0995030616,5359.99378939638,5369.4983713849,0.366894819691765,0.844390413700609,0.492076589718863,1.40370907994962,0.432912116838111
Cyprus,5.689,5.546,5.62099981307983,5.762,6.046,14.91,12.95,11.05,8.37,7.07,23408.3366816249,24605.9208328767,26608.8750916456,29334.1109348657,29206.0767190775,3.97337740749985,5.96738631417672,4.87248695745734,4.41138580684543,3.86453264067046
Algeria,5.605,6.355,5.87200021743774,5.295,5.211,11.21,10.2,10.33,10.42,10.51,4177.8895415169,3946.45244712537,4109.69821695727,4142.01855842917,3989.66827645236,1.60049369689222,1.10457015563286,-0.750456691887635,-0.909245791015422,-0.934555885396762
Turkmenistan,5.548,5.658,5.82200002670288,5.636,5.247,4.14,4.17,4.2,4.23,4.27,6432.68532538494,6387.68257527254,6587.09260439788,6967.37504258806,7612.03518009452,4.60627168562475,4.37907625854506,4.73730275911537,4.50768703055272,4.66863745339606
Mauritius,5.477,5.648,5.62900018692017,5.891,5.888,7.41,6.81,6.75,6.43,6.33,9260.44730250635,9681.61856689674,10484.9083620411,11208.3438184474,11097.168977137,3.41602394691346,3.76659648343872,3.72056764157287,3.70309459271954,2.97917002128392
Estonia,5.429,5.517,5.61100006103516,5.739,5.893,6.19,6.76,5.76,5.37,4.45,17395.040616214,18282.9233927131,20387.2831474612,23052.3012559586,23397.1200148694,1.78627469426176,3.12553830458751,5.66403908236126,3.77202331144019,3.71028576383254
Indonesia,5.399,5.314,5.26200008392334,5.093,5.192,4.51,4.3,3.88,4.4,3.62,3331.69511469189,3562.81633352183,3837.57802362633,3893.85957814877,4135.20153132694,3.55506249544388,3.75883733214852,3.84119726442658,3.98782486089075,3.87144414151346
Vietnam,5.36,5.061,5.07399988174438,5.103,5.175,1.85,1.85,1.87,1.16,2.04,2085.10134910739,2192.17448247545,2365.52161506114,2566.4474870063,2715.27598010995,5.57052594829395,5.11813729007686,5.7280884115717,6.01639837930368,6.00103665097893
Nigeria,5.268,4.875,5.07399988174438,5.155,5.265,4.31,7.06,8.39,8.46,8.53,2687.48005643212,2176.00277201515,1968.56539847444,2027.77854863842,2229.8586518613,-0.0292823054560643,-4.1683884058564,-1.78881762090789,-0.679724707768486,-0.379752402189268
Bhutan,5.253,5.196,5.01100015640259,5.082,5.082,2.45,2.49,2.45,2.44,2.5,2752.63017233678,2930.5749227006,3286.59674376682,3243.47743748718,3322.86332871934,5.34825820294729,6.8323670597098,3.40861136657622,1.84848775239858,4.54973728489323
Azerbaijan,5.212,5.291,5.23400020599365,5.201,5.208,4.96,5.0,5.0,4.9,4.85,5500.31038244408,3880.73873089556,4147.08971569171,4739.84171028393,4805.75371765917,-0.103121433889072,-4.1771717983498,-0.778416065787681,0.624486167739761,1.63585041443849
Pakistan,5.194,5.132,5.26900005340576,5.472,5.653,3.57,3.78,3.92,4.08,3.54,1356.66783065763,1368.42696140417,1464.9261954181,1482.21306651797,1288.55632450434,2.56646710358606,3.34791165243369,3.38392800367239,3.68103446177759,-0.880818100199619
Jordan,5.192,5.303,5.33599996566772,5.161,4.906,13.08,15.28,18.14,18.27,16.81,4164.10876894014,4175.35660192301,4231.51827999134,4308.1510738997,4405.48710929391,-1.34990617092249,-1.07722100686,-0.328485920725498,0.0981917027262398,0.579046462795702
Montenegro,5.192,5.161,5.23699998855591,5.347,5.523,17.54,17.72,16.07,15.17,15.12,6514.27269528653,7028.93657685094,7784.06528996557,8845.91421887296,8910.65083414613,3.33238457780671,2.92545800874741,4.70468752737763,5.10254439807166,4.09623694324546
China,5.14,5.245,5.27299976348877,5.246,5.191,4.63,4.53,4.44,4.28,4.52,8016.43143498003,8094.36336675194,8816.98690451989,9905.34200389253,10143.8381719921,6.42073647723056,6.23821544775225,6.30186310052261,6.25170055569883,5.57453312716906
Zambia,5.129,4.795,4.51399993896484,4.377,4.107,10.13,10.87,11.63,12.01,12.52,1338.29092708188,1280.80654257604,1535.19657398198,1516.36837125728,1305.00103080403,-0.187950012505681,0.706659429492106,0.494085597516801,1.04803356100132,-1.45136446466172
Romania,5.124,5.528,5.82499980926514,5.945,6.07,6.81,5.9,4.93,4.19,3.91,8969.14892146193,9548.58740298268,10807.0091671993,12398.9819787666,12899.3461112897,3.43874923608918,5.30536396716246,7.9415586584485,5.09011110670698,4.73858787008214
Serbia,5.123,5.177,5.39499998092651,5.398,5.603,17.66,15.26,13.48,12.73,10.39,5588.98072768556,5765.20076202711,6292.54362926707,7252.40185773992,7417.20364852201,2.31101588882194,3.88118476026682,2.64598586238259,5.0675948814029,4.89309425558007
Portugal,5.102,5.123,5.19500017166138,5.41,5.693,12.44,11.07,8.87,6.99,6.46,19242.3664710981,19978.401214968,21437.3475036794,23551.0482905614,23330.817288932,2.2144828853083,2.34182321593775,3.75909438887767,3.01412372965098,2.65839260557085
Latvia,5.098,5.56,5.84999990463257,5.933,5.94,9.87,9.64,8.72,7.41,6.31,13780.9135484006,14322.0226779514,15656.3474910518,17856.3071171976,17926.841589919,4.7389479157399,3.30741996501406,4.2327345755706,4.80286694592556,3.19932008209607
Philippines,5.073,5.279,5.42999982833862,5.524,5.631,3.07,2.7,2.55,2.34,2.24,3001.04318170103,3073.65468570946,3123.24564174845,3252.11027410024,3485.3408438977,4.68187850526492,5.54671238464452,5.3966531060456,4.86730872952965,4.68037644699137
Morocco,5.013,5.151,5.2350001335144,5.254,5.208,9.46,9.3,9.24,9.27,9.28,2875.25798516781,2896.72219562665,3035.45443323105,3226.98279356862,3235.00066048238,3.10311140049744,-0.286660319841573,2.90184502007737,1.84461699689066,1.3403970411036
Albania,4.959,4.655,4.64400005340576,4.586,4.719,17.19,15.42,13.62,12.3,11.47,3952.80253807527,4124.05538986272,4531.0193737689,5287.66369446913,5395.65953185375,2.51682705063622,3.48029321692431,3.89774060579526,4.2763256546607,2.54935857948763
Bosnia and Herzegovina,4.949,5.163,5.18200016021729,5.129,5.386,27.69,25.41,20.53,18.4,15.69,4729.68995905382,4994.97155093444,5394.26894391382,6070.34908129292,6119.76234462222,4.67468789470115,4.46265636890475,4.24050974081906,4.60162519334784,3.5453373948871
Dominican Republic,4.885,5.155,5.23000001907349,5.302,5.425,7.61,7.28,5.83,5.86,6.36,6921.52059432776,7280.88361041225,7609.35327534023,8050.64407623416,8282.11713050921,5.71551877791849,5.4686348954891,3.5180711549784,5.83453748755498,3.95840417453633
Mongolia,4.874,4.907,4.95499992370605,5.125,5.285,4.86,7.24,6.36,5.38,5.44,3875.32167504717,3658.39030030916,3687.10000337811,4156.8469697802,4404.84583020208,0.388463385380476,-0.433679901746515,3.68853378857119,5.82715120700583,3.80294008233133
Greece,4.857,5.033,5.22700023651123,5.358,5.287,24.9,23.54,21.49,19.29,17.31,18076.6067552915,17911.7993774946,18536.1907178433,19747.3425837935,19133.7577636254,0.463652786270188,-0.0724245841387301,1.29229029026882,1.87490316346144,1.91089104761153
Lebanon,4.839,5.129,5.22499990463257,5.358,5.197,9.32,9.78,10.27,10.8,11.35,7663.92023216349,7653.73362998424,7819.60467019649,8058.44433692324,7578.17236808171,-3.60057202482315,-1.16541775606076,-0.771117557655217,-2.27589099867723,-7.1071537327247
Hungary,4.8,5.145,5.32399988174438,5.62,5.758,6.81,5.11,4.16,3.71,3.42,12720.7120220668,13107.3779137744,14623.6966492311,16427.3727611478,16735.6597794761,3.9502169101093,2.49398511598645,4.54613560054244,5.4931633015081,4.60139046418905
Honduras,4.788,4.871,5.18100023269653,5.504,5.86,6.15,6.73,5.53,5.65,5.7,2286.20303687333,2326.29727827042,2436.6716359867,2492.86896769136,2556.45689068459,2.04738682049835,2.1235809908339,3.08361521753868,2.1281635729176,0.982661679905576
Tajikistan,4.786,4.996,5.04099988937378,5.199,5.467,7.55,6.9,6.95,7.01,7.06,978.404981180605,807.10258610434,848.672379903239,853.218873401321,890.544402355733,3.47738299697102,4.31428456351641,4.48656343288916,4.99210090647853,4.86305682399173
Tunisia,4.739,5.045,4.80499982833862,4.592,4.461,15.16,15.56,15.33,15.46,15.13,4094.83628744518,3924.36334591653,3687.77746085503,3680.89259713943,3574.65402418454,-0.054598177447275,0.0082861647566119,1.08617526745563,1.34297688771908,0.278958759643274
Bangladesh,4.694,4.643,4.60799980163574,4.5,4.456,4.37,4.35,4.37,4.41,4.44,1248.45330989613,1401.56463513179,1563.76781861826,1698.13208078712,1855.74009422319,5.36686615945385,5.94667828426267,6.1364783118442,6.73329863316326,7.04528876097589
Ukraine,4.681,4.324,4.09600019454956,4.103,4.332,9.14,9.35,9.5,8.8,8.19,2124.6623187838,2187.73050991433,2638.3260548504,3096.56169661923,3661.45620430228,-9.44383110963591,2.85479785845692,2.810645078612,4.0163856007363,3.79371893400872
Iraq,4.677,4.575,4.49700021743774,4.456,4.437,10.73,10.82,13.02,12.97,12.86,4688.31801743466,4550.65863784829,4985.45287942996,5915.85085369644,5980.6269179797,1.30694378113189,10.5600974554293,-4.28298176305985,0.28170531508249,3.59562006701191
South Africa,4.642,4.459,4.8289999961853,4.724,4.722,25.15,26.54,27.04,26.91,28.47,6259.83968110571,5756.96574098804,6690.93984735096,7005.09541266022,6624.76186493309,-0.218801180743498,-0.806311266588793,-0.265300653069517,0.113021477550987,-1.19609144119572
Ghana,4.633,4.276,4.11999988555908,4.657,4.996,6.81,5.53,4.22,4.28,4.32,1774.07477092508,1971.95693464599,2074.29073272269,2260.86056729337,2246.62557816432,-0.170049024853114,1.07696052085518,5.75434851659537,3.89661430974051,4.22918126352458
Zimbabwe,4.61,4.193,3.875,3.692,3.663,4.78,4.79,4.78,4.8,4.83,1445.06970213198,1464.58895715841,1235.18903192064,1254.64226494434,1316.74065692871,0.100575480569987,-0.793105404843814,3.1924525709815,3.35616607123501,-7.46862686012715
Liberia,4.571,3.622,3.53299999237061,3.495,3.975,2.08,3.08,3.05,3.03,3.02,721.581050523128,740.914906030102,721.085044013216,710.265998419581,672.340499220841,-2.53856279124182,-4.01370872665771,-0.060039735974641,-1.29322546515751,-4.80612732385613
India,4.565,4.404,4.31500005722046,4.19,4.015,5.43,5.42,5.36,5.33,5.27,1605.60544457087,1732.55424231659,1980.66701982802,1996.91508739789,2100.75146060805,6.79675906426532,7.08222758310927,5.66578114880545,5.43307745098798,2.99266440573042
Haiti,4.518,4.028,3.6029999256134,3.582,3.597,13.96,13.93,13.88,13.86,13.91,1386.85419078846,1290.38050812318,1369.06373395137,1479.3458268885,1312.77063606676,1.15736312864287,0.455879683871615,1.18118263013172,0.38072842933046,-2.90574712035101
Nepal,4.514,4.793,4.96199989318848,4.88,4.913,3.1,2.87,3.32,3.19,3.1,901.749607715071,899.523581017634,1048.45375534427,1178.52593245237,1194.95687572575,3.55633538398823,-0.481931971808237,7.5210298922342,5.84871082835983,4.74451271488148
Ethiopia,4.512,4.508,4.46000003814697,4.35,4.286,2.27,2.29,2.3,2.32,2.33,640.541923075422,717.124869806118,768.523015429372,771.524866349431,855.760885186903,7.39146886281171,6.50971203723924,6.68455961774448,4.0539401511658,5.60436973620631
Sierra Leone,4.507,4.635,4.70900011062622,4.571,4.374,4.74,4.66,4.66,4.66,4.65,588.228862794816,501.415165523953,496.682294873131,533.991533265984,521.754836722241,-22.3120965034419,3.78444419301765,1.97222909064014,1.27738952655478,3.05763409073658
Mauritania,4.436,4.201,4.29199981689453,4.356,4.49,10.14,10.26,10.34,10.39,10.39,1524.07175254803,1536.85488788877,1587.61126325063,1670.2041645288,1743.30290093768,2.37076098298319,-1.59018303722354,3.31636794202008,1.66083209679408,2.89992206394601
Kenya,4.419,4.356,4.55299997329712,4.41,4.509,2.78,2.76,3.51,4.25,5.01,1464.55400904329,1525.23519224992,1633.49121639293,1794.0911754468,1912.64786680344,2.38448726521699,1.7209860090004,1.39771664690468,3.22142919254497,2.62208684536643
Armenia,4.35,4.36,4.37599992752075,4.321,4.559,18.26,17.62,17.7,18.97,18.3,3607.28929855361,3591.82805221639,3914.52785436696,4220.54032079145,4604.64632355695,2.7359180235262,-0.161329865469654,7.18452239016769,4.9522308356251,7.38219727969849
Botswana,4.332,3.974,3.76600003242493,3.59,3.488,20.57,21.03,21.57,22.07,22.61,6402.91018338391,6982.91749241303,7296.09214157008,7503.8785883646,7203.06422122998,-7.14464380174003,5.09386203389349,1.8738815256832,1.72043437304123,0.773637549401784
Myanmar,4.307,4.395,4.54500007629395,4.308,4.36,0.77,1.18,1.56,0.87,0.5,1196.74335747421,1136.61066545868,1151.11446155062,1250.17369130663,1271.1115749486,2.49328468190495,9.74847882390068,5.08183410223336,5.759520090802,6.08461268337797
Georgia,4.297,4.252,4.28599977493286,4.34,4.519,16.51,16.6,13.94,12.67,11.57,4014.18594419329,4062.16988757379,4357.00093554628,4722.78778321766,4697.98365238984,2.86009424289855,2.84490205450567,4.82856985509574,4.88385492937473,5.16261881694761
Malawi,4.292,4.156,3.97000002861023,3.587,3.41,5.86,5.82,5.76,5.76,5.75,380.596987683774,315.777987100071,506.137294436399,544.593435393373,591.846389556646,0.0021044705434007,-0.255665063338284,1.26357063864582,1.67003366205537,2.69981228160685
Sri Lanka,4.271,4.415,4.44000005722046,4.471,4.366,4.52,4.24,4.05,4.32,4.35,3843.78067184442,3886.29150165239,4077.04384087488,4059.20822984947,3852.26560287415,4.04623956631545,3.33842975590277,2.41409866202615,2.1949597721197,1.63141197879588
Cameroon,4.252,4.513,4.69500017166138,4.975,5.044,3.55,3.58,3.6,3.62,3.64,1382.5097900241,1413.2559568153,1469.44749980724,1585.24053445546,1533.09568807789,2.87078784808867,1.79128797729706,0.84572071249174,1.27506372633268,0.835333750899835
Bulgaria,4.218,4.217,4.71400022506714,4.933,5.011,9.14,7.57,6.16,5.21,4.23,7074.68102325059,7569.47881476759,8366.29322145748,9446.70077185518,9879.26853313318,4.09010768554509,3.76506855458946,3.51553833482474,3.42872477679667,4.77250206361659
Mali,3.995,4.073,4.19000005722046,4.447,4.39,7.73,7.57,7.41,7.43,7.44,751.47288662264,780.723569528087,830.021515346886,894.804776510366,879.043187300812,3.09991301016213,2.74912773755298,2.19402842275547,1.64255983514556,1.66395525277679
Uganda,3.931,3.739,4.08099985122681,4.161,4.189,1.91,1.92,1.93,1.92,1.92,847.267628934656,736.559847412133,746.830752928351,770.600784343292,798.585734133959,1.57225486342148,1.01851489431277,-0.670054581381933,2.41677913677158,2.73474072805178
Senegal,3.904,4.219,4.53499984741211,4.631,4.681,6.76,4.46,3.69,3.28,2.86,1219.24941513302,1269.90329385985,1361.70197218375,1458.06909258145,1430.14825900162,3.42150148451282,3.41182379733205,4.4411878629361,3.29534615117551,1.57049679945986
Gabon,3.896,4.121,4.46500015258789,4.758,4.799,20.61,20.67,20.72,20.75,20.74,7384.70070393071,6984.41971208387,7230.43491161979,7959.00726736376,7766.99655422948,0.471417196447604,-0.969040474153701,-2.29754116776253,-1.75350522651408,1.37116920912574
Niger,3.845,3.856,4.02799987792969,4.166,4.628,0.53,0.53,0.54,0.55,0.55,484.153137350801,500.214911266535,517.771572271371,570.723921953592,554.099389259855,0.418328365503129,1.7372252956601,1.04675078565515,3.19595439522324,1.99706262597826
Cambodia,3.819,3.907,4.16800022125244,4.433,4.7,0.39,0.72,0.14,0.14,0.15,1162.90499489402,1269.59149895246,1385.26006616114,1512.12698889384,1643.12138876539,5.26408933922833,5.27260897558848,5.37202162418909,5.87938583851239,5.51680828875165
Tanzania,3.781,3.666,3.34899997711182,3.303,3.231,2.14,2.16,2.18,2.21,2.22,947.933351658407,966.503016569611,1004.90658838695,1042.8387560513,1085.88486002476,3.0275004785058,3.71677119545821,3.64371830176266,2.35508345813247,2.71933648559543
Madagascar,3.681,3.695,3.64400005340576,3.774,3.933,1.79,1.8,1.82,1.84,1.86,467.235431614667,475.955556826336,515.293323373233,523.94597141966,522.989524271408,0.390866453574574,1.23486640431807,1.185080524299,0.476010182448789,1.67412016147502
Chad,3.667,3.763,3.93600010871887,4.301,4.35,1.07,1.1,1.12,1.13,1.12,776.019752284262,693.449767448537,665.948884859102,726.151007088549,709.54004317463,-0.490723968196917,-9.15694224466328,-5.92875313174368,-0.674920920026565,0.209664512309331
Guinea,3.656,3.607,3.50699996948242,3.964,4.534,4.92,4.88,4.91,4.98,5.02,769.255475432822,732.291511901662,855.575270552124,955.111281136711,1058.14336817356,1.27274453676185,7.92853485004899,7.29211181459284,3.38751521788826,2.69338419991574
Burkina Faso,3.587,3.739,4.03200006484985,4.424,4.587,4.32,4.43,4.56,4.69,4.69,653.32726813947,688.250696258197,734.996267960528,804.500537821516,796.115206827676,0.911075762596241,2.91366558534006,3.17736075265671,3.59163480841336,2.72407212531654
Afghanistan,3.575,3.36,3.79399991035461,3.632,3.203,11.13,11.16,11.18,11.15,11.22,556.007220861443,512.012778129357,516.679862210543,485.668418729808,494.179349886029,-1.62285718631547,-0.541416195952564,0.0647641950115201,-1.19490038335884,1.53563667424
Rwanda,3.465,3.515,3.47099995613098,3.408,3.334,1.15,1.14,1.14,1.11,1.1,751.077392617885,744.760748755977,772.316989145919,783.637162814808,820.149288558594,6.1238343540962,3.24843958156001,1.26747309893398,5.74614049530018,6.64358394861513
Benin,3.34,3.484,3.65700006484985,4.141,4.883,2.01,1.83,1.64,1.47,1.47,1076.79669785585,1087.28733148547,1136.59387178448,1241.82529800958,1219.51550596905,-1.00423453913564,0.525130743148708,2.80528150351485,3.81878334277161,4.00308913488962
Burundi,2.905,2.905,2.90499997138977,2.905,3.775,1.6,1.59,1.59,1.59,1.59,305.549652502657,260.56522079627,253.826354063895,238.783467020173,228.213589244227,-6.8864045414511,-3.70833487696058,-2.64677820864496,-1.5575434549573,-1.29476823572824
Togo,2.839,3.303,3.49499988555908,3.999,4.085,2.2,2.97,3.74,3.73,3.72,570.909967175308,803.1518934041,830.745276651438,901.523016898937,893.352454121675,3.06917664636548,2.93357911261434,1.79243016113288,2.43974208945798,2.93818166189259
