Country,GDP_Per_Capita_Growth_2015,GDP_Per_Capita_Growth_2016,GDP_Per_Capita_Growth_2017,GDP_Per_Capita_Growth_2018,GDP_Per_Capita_Growth_2019
Aruba,5.12965708792277,1.58786875286513,1.51982143378811,,
Africa Eastern and Southern,0.187859711602755,-0.674532556274414,-0.144709797664106,-0.185405595367016,-0.544414098800544
Afghanistan,-1.62285718631547,-0.541416195952564,0.0647641950115201,-1.19490038335884,1.53563667424
Africa Western and Central,0.0074023590114222,-2.53356229121614,-0.390664943817995,0.241530875100992,0.492953120389345
Angola,-2.46873730689103,-5.81618754909985,-3.40998337557743,-5.16211179066241,-3.7956079652012
Albania,2.51682705063622,3.48029321692431,3.89774060579526,4.2763256546607,2.54935857948763
Andorra,3.02081678005885,4.64621154922207,0.734439351000333,1.57425431733354,1.83306059347608
Arab World,0.888157831786017,1.15295877026209,-1.00635785647198,0.468786241052925,0.137964422114464
United Arab Emirates,4.50781768694726,1.90520573929507,1.01143077389321,-0.320590314360061,1.93443148259161
Argentina,1.62966427946263,-3.11006389821465,1.75764818265694,-3.60160975657155,-2.99438788864292
Armenia,2.7359180235262,-0.161329865469654,7.18452239016769,4.9522308356251,7.38219727969849
American Samoa,3.12188089164911,-1.56120490141551,-6.78354801701121,2.95991055574585,-0.219737965386599
Antigua and Barbuda,2.70571843639473,4.43725332350857,2.16611404366698,5.93227628165489,3.96278455965997
Australia,0.712256477964445,1.1493474640983,0.587161102950546,1.302840712022,0.571102988410345
Austria,-0.111540189504495,0.892469139632297,1.55072408627153,2.00355252390945,1.04090811975335
Azerbaijan,-0.103121433889072,-4.1771717983498,-0.778416065787681,0.624486167739761,1.63585041443849
Burundi,-6.8864045414511,-3.70833487696058,-2.64677820864496,-1.5575434549573,-1.29476823572824
Belgium,1.45189336758756,0.755268919102846,1.22886623616918,1.35679144535901,1.59897001717071
Benin,-1.00423453913564,0.525130743148708,2.80528150351485,3.81878334277161,4.00308913488962
Burkina Faso,0.911075762596241,2.91366558534006,3.17736075265671,3.59163480841336,2.72407212531654
Bangladesh,5.36686615945385,5.94667828426267,6.1364783118442,6.73329863316326,7.04528876097589
Bulgaria,4.09010768554509,3.76506855458946,3.51553833482474,3.42872477679667,4.77250206361659
Bahrain,-0.187595037097779,-0.359639348486056,-0.475473381759144,-2.76780486148901,-2.32252085763781
"Bahamas, The",0.619177352382394,-0.894872291179823,0.606496417794375,1.73146903767967,-0.293225395122633
Bosnia and Herzegovina,4.67468789470115,4.46265636890475,4.24050974081906,4.60162519334784,3.5453373948871
Belarus,-3.95725125382174,-2.61191380516274,2.64480752237135,3.36999151883471,1.60481819172
Belize,0.487997241962574,-2.06106662075794,-0.184795030774069,0.946112739484732,-0.135066237124235
Bermuda,0.622598426821042,0.39386919987983,4.71610220533942,-0.504455912272903,0.469320877880691
Bolivia,3.28269893653157,2.73197634742475,2.69615523107971,2.75216346209768,0.796516093647838
Brazil,-4.35147506604415,-4.06941092381417,0.508337980314494,0.988960032623851,0.651853445818901
Barbados,2.26845526748964,2.30981203220082,0.323816531140466,-0.722886472225468,-0.228750840137266
Brunei Darussalam,-1.62537351861698,-3.61089864285825,0.209044441908858,-0.992460952847097,2.82969002187825
Bhutan,5.34825820294729,6.8323670597098,3.40861136657622,1.84848775239858,4.54973728489323
Botswana,-7.14464380174003,5.09386203389349,1.8738815256832,1.72043437304123,0.773637549401784
Central African Republic,3.66370430293424,3.72277787403763,3.20045251851401,2.22467545139492,1.28946136700006
Canada,-0.089285801148975,-0.135842621321913,1.81111454911982,1.33547089037103,0.448132391437483
Central Europe and the Baltics,4.18749728026775,3.3341439389951,5.13807439416311,4.69665312019339,4.21435963864975
Switzerland,0.507122105703075,0.9368837412635,0.641284065674213,2.16156965343124,0.491609144873692
Channel Islands,,,,,
Chile,1.10598439797978,0.372098730561632,-0.247251358761787,2.28112103495536,-0.245035756890886
China,6.42073647723056,6.23821544775225,6.30186310052261,6.25170055569883,5.57453312716906
Cote d'Ivoire,4.52428897259003,4.49518428080961,4.65889956449088,4.1966214196201,3.5576825008911
Cameroon,2.87078784808867,1.79128797729706,0.84572071249174,1.27506372633268,0.835333750899835
"Congo, Dem. Rep.",3.44259805623153,-0.907723599820514,0.401473697563162,2.46109271097485,1.11015954346362
"Congo, Rep.",-5.91664565572746,-13.0204296236603,-6.8092164100262,-7.23155796221506,-2.61495233462033
Colombia,1.75788371739232,0.70068863785022,-0.163409332080448,1.01285604228866,1.88927448744572
Comoros,-1.23086046150448,0.962061037426224,1.48233932576038,1.347332748425,-0.46527893172582
Cabo Verde,-0.23738747850534,3.44413344235974,2.47516943136586,3.32680146934304,4.48183015631996
Costa Rica,2.53138328642916,3.10830677496124,3.09256633767137,1.60014007285719,1.28151371094327
Caribbean small states,0.386837467820115,-1.78374905437703,-0.534163387782698,1.2634535109904,0.0391755342826769
Cuba,4.27336160897438,0.422151606764217,1.7718207232533,2.25848146064915,-0.123773041706542
Curacao,-1.03588398573132,-2.03087910494624,-2.05324118036593,-1.65097683750417,-2.23729770711994
Cayman Islands,1.37862026256323,1.84890054164606,1.85236328568278,2.91163927489984,2.57669161664211
Cyprus,3.97337740749985,5.96738631417672,4.87248695745734,4.41138580684543,3.86453264067046
Czech Republic,5.18140265379816,2.34055226080498,4.88972204225595,2.85410811330968,2.62455743475904
Germany,0.617105353219898,1.40810207548923,2.29720604740949,0.782690047310425,0.827864779161388
Djibouti,5.89435204393692,4.91715159071116,3.73033779991678,6.73190060418814,6.15054746812686
Dominica,-2.80595187225674,2.36664739005607,-6.99897579452575,1.97741396289945,7.29874797406434
Denmark,1.62216625804921,2.44336887407066,2.16235511316152,1.4850851572351,1.7496140950622
Dominican Republic,5.71551877791849,5.4686348954891,3.5180711549784,5.83453748755498,3.95840417453633
Algeria,1.60049369689222,1.10457015563286,-0.750456691887635,-0.909245791015422,-0.934555885396762
East Asia & Pacific (excluding high income),5.86799177010589,5.78276716248109,5.8942762640764,5.81737395376751,5.1711364862513
Early-demographic dividend,3.04525550386934,3.27925325440341,3.18909081643646,2.33108259021168,0.995396758831475
East Asia & Pacific,3.95913976981777,3.92742919293036,4.31112815066379,4.09018111571852,3.51155498003493
Europe & Central Asia (excluding high income),0.394147553969376,1.147477850127,3.54859769375892,2.72435232430711,1.85565939695003
Europe & Central Asia,1.6337005331749,1.49959570744515,2.39839476552328,1.79184549775178,1.4970541774606
Ecuador,-1.50763431990521,-2.89801879626653,0.573913173998349,-0.483429077922167,-1.65324963404186
"Egypt, Arab Rep.",2.09373579415812,2.13201530012972,2.02557995113628,3.19442074906497,3.49204687443208
Euro area,1.7540284430689,1.56734835384,2.39252240324952,1.60574397322935,1.47504788990523
Eritrea,,,,,
Spain,3.91576845137082,2.94434855983185,2.73236058269681,1.84175785793946,1.35796294893549
Estonia,1.78627469426176,3.12553830458751,5.66403908236126,3.77202331144019,3.71028576383254
Ethiopia,7.39146886281171,6.50971203723924,6.68455961774448,4.0539401511658,5.60436973620631
European Union,2.0882242112399,1.79216797993213,2.65268775499206,1.89914754810117,1.75286635390606
Fragile and conflict affected situations,-0.755258962035981,-0.123321530126319,-0.335003939929067,0.485179888214432,0.757932906292424
Finland,0.213029419665261,2.5163798952421,2.95053137282473,1.00788071036347,1.10927871251762
Fiji,4.23833189405605,2.00247544692745,4.74654991827457,3.10381043650811,-1.16876751454872
France,0.754024352327519,0.829056664516742,1.99499844733441,1.58587880599642,1.62035845279964
Faroe Islands,,,,,
"Micronesia, Fed. Sts.",3.23635458122331,-0.316499162247752,1.53432253315657,-0.837259215875989,0.133812944929986
Gabon,0.471417196447604,-0.969040474153701,-2.29754116776253,-1.75350522651408,1.37116920912574
United Kingdom,1.81266163797693,1.4913642994284,1.44292936752505,1.03685521942496,1.0999959123708
Georgia,2.86009424289855,2.84490205450567,4.82856985509574,4.88385492937473,5.16261881694761
Ghana,-0.170049024853114,1.07696052085518,5.75434851659537,3.89661430974051,4.22918126352458
Gibraltar,,,,,
Guinea,1.27274453676185,7.92853485004899,7.29211181459284,3.38751521788826,2.69338419991574
"Gambia, The",0.973886803537113,-1.05801863935166,1.75610362012779,4.12181776319187,3.09684344959481
Guinea-Bissau,3.39863032690428,3.56652184239847,3.27071342766881,-1.21055169342024,1.96420146424497
Equatorial Guinea,-12.711339203906,-12.3135934211572,-9.16772469815358,-9.6002319632794,-9.23893172984212
Greece,0.463652786270188,-0.0724245841387301,1.29229029026882,1.87490316346144,1.91089104761153
Grenada,5.76041123467368,3.11869812221369,3.86313919714306,3.76129237119484,0.238209642532624
Greenland,-2.2149188822392,4.54780858066064,0.0776647739674274,2.11671946135704,1.31347118082863
Guatemala,2.34629514622338,0.989365749396498,1.41564884120322,1.68170693128233,2.25871189837592
Guam,0.299915104837339,-0.492462435137583,0.0714629202402932,-1.61196506198668,1.60428373280827
Guyana,0.154585160749249,3.27903020608493,3.21852430987543,3.93302457193192,4.84549740758746
High income,1.90689061325931,1.24091906190502,1.85908548086387,1.87081876954109,1.35571868408213
"Hong Kong SAR, China",1.51997817135852,1.53864657056957,3.01731597828572,2.02792769150992,-2.41839561224405
Honduras,2.04738682049835,2.1235809908339,3.08361521753868,2.1281635729176,0.982661679905576
Heavily indebted poor countries (HIPC),1.89508529155218,1.55845018346761,2.13823355362071,1.51948179864148,1.62210998307135
Croatia,3.37409280662597,4.25801634230318,4.6631756701545,3.82352734471229,4.05697922398092
Haiti,1.15736312864287,0.455879683871615,1.18118263013172,0.38072842933046,-2.90574712035101
Hungary,3.9502169101093,2.49398511598645,4.54613560054244,5.4931633015081,4.60139046418905
IBRD only,3.41983654838587,3.68127600798336,4.22837832474367,3.94558516207857,3.14095870162885
IDA & IBRD total,3.01887461992816,3.23896957976292,3.80564778877996,3.55590254094534,2.76254064591743
IDA total,1.03550267313103,0.857646065227556,1.76027583874583,2.14258722395691,1.6717620080524
IDA blend,1.44317004057008,-0.623647227847655,0.540288376675548,1.32457221686084,0.0709031150363018
Indonesia,3.55506249544388,3.75883733214852,3.84119726442658,3.98782486089075,3.87144414151346
IDA only,0.588583900598906,2.32123225176673,2.93925423797259,2.91969605312931,3.18129559501132
Isle of Man,-0.0794110139410833,6.87013528451821,4.29564904515934,1.65050263205406,-0.356701748502758
India,6.79675906426532,7.08222758310927,5.66578114880545,5.43307745098798,2.99266440573042
Not classified,,,,,
Ireland,23.9990932049163,0.896822101077149,7.76044197686218,7.68774579482279,3.49190099133891
"Iran, Islamic Rep.",-2.61107051257869,11.8687153565987,2.32775091617894,-7.31991052661751,-8.03628627377611
Iraq,1.30694378113189,10.5600974554293,-4.28298176305985,0.28170531508249,3.59562006701191
Iceland,3.35414533328364,4.83829921427557,1.7794101347671,2.12030149363669,0.206935274875605
Israel,0.273166454342856,2.43486113607949,2.37294959239584,1.99923149357343,1.81135890882076
Italy,0.875477401786128,1.46569044434084,1.82033385192226,1.11781661979235,1.57473771632701
Jamaica,0.366894819691765,0.844390413700609,0.492076589718863,1.40370907994962,0.432912116838111
Jordan,-1.34990617092249,-1.07722100686,-0.328485920725498,0.0981917027262398,0.579046462795702
Japan,1.66846511711745,0.870046944792136,1.84270905806171,0.762860909889355,0.480088200168893
Kazakhstan,-0.268267117815142,-0.327514633495582,2.69343213409591,2.74053637969105,3.16101154004124
Kenya,2.38448726521699,1.7209860090004,1.39771664690468,3.22142919254497,2.62208684536643
Kyrgyz Republic,1.75886440985292,2.23180526571734,2.73409189148251,1.7132091060235,2.43933520707868
Cambodia,5.26408933922833,5.27260897558848,5.37202162418909,5.87938583851239,5.51680828875165
Kiribati,8.87211257724154,3.64094395826189,-0.545552671301749,2.26287969511236,2.36588746035582
St. Kitts and Nevis,0.18919158121939,12.4614166184795,0.110808947167712,1.91268111292277,4.01450533666139
"Korea, Rep.",2.26842940068582,2.5391447288435,2.87019696151147,2.41941019228105,2.04137465106872
Kuwait,-3.20057857283761,-0.228710261590166,-7.04349989138754,-0.741247102578228,-1.23785408626549
Latin America & Caribbean (excluding high income),-0.607677970448222,-1.31966271683839,0.936855812265364,0.560571386154777,-0.250912943307696
Lao PDR,5.65656566444976,5.38622283884081,5.24475134510458,4.61595537084567,3.86974764056176
Lebanon,-3.60057202482315,-1.16541775606076,-0.771117557655217,-2.27589099867723,-7.1071537327247
Liberia,-2.53856279124182,-4.01370872665771,-0.060039735974641,-1.29322546515751,-4.80612732385613
Libya,-9.6611400412838,-3.9011207222389,24.9760381703571,13.4460867409219,1.03987886556195
St. Lucia,-1.81422500084082,3.12989136646082,2.97153173683404,2.39733075575063,-0.558717236775081
Latin America & Caribbean,-0.473668861043222,-1.13649562069644,0.900998158085514,0.686442098754796,-0.129842236573225
Least developed countries: UN classification,0.0510842573643089,1.41748350653883,2.05242977004951,2.10312829935218,2.61430720730718
Low income,-3.00122118356632,-0.37430325473062,0.504036110622636,0.888782719208379,1.72104503823127
Liechtenstein,,,,,
Sri Lanka,4.04623956631545,3.33842975590277,2.41409866202615,2.1949597721197,1.63141197879588
Lower middle income,3.50166010994113,4.40769645768025,3.68153887761629,3.14137286961692,2.13364551260436
Low & middle income,3.04162003575127,3.27951523027204,3.83124272204994,3.54281967394898,2.75602607498135
Lesotho,2.3480698139272,2.78812909073667,-3.90564187261468,-2.00999694354861,-1.17546799781275
Late-demographic dividend,3.995126102813,3.77762601031573,4.61279723757546,4.81957629222059,4.22624742152615
Lithuania,2.98891297061452,3.82984126408542,5.75104655735379,4.99035385554106,4.85094975391134
Luxembourg,-0.115476305532894,2.73979180152419,-1.11611296239622,0.0557319419873323,1.27627264670255
Latvia,4.7389479157399,3.30741996501406,4.2327345755706,4.80286694592556,3.19932008209607
"Macao SAR, China",-23.0634149570273,-2.41812753264641,8.26007312117713,4.93835210738143,-3.85348568225642
St. Martin (French part),,,,,
Morocco,3.10311140049744,-0.286660319841573,2.90184502007737,1.84461699689066,1.3403970411036
Monaco,3.74320229702543,2.50861203477268,-4.31031468353824,5.16191339520333,6.12377017891215
Moldova,0.45004942257944,5.61462069937306,6.4771604801543,6.10943256779568,5.36569849707125
Madagascar,0.390866453574574,1.23486640431807,1.185080524299,0.476010182448789,1.67412016147502
Maldives,-1.6151832384764,1.73348691527349,2.69752962995781,4.07540942819782,3.81320120539183
Middle East & North Africa,0.493519688660868,2.70410932848635,-0.110669726332731,-0.259058785017615,-0.552339316845334
Mexico,2.01903688371814,1.40302067337798,0.931456541585035,1.05031421707116,-1.26011567224396
Marshall Islands,1.15223297359046,0.823567721794149,2.66363108243138,2.93818083190456,5.95717198589657
Middle income,3.25405363262267,3.45641319082183,4.00668543488084,3.71553607121903,2.91212407713797
North Macedonia,3.71765660257569,2.73585322254593,0.98373642544189,2.79561511891441,3.88655214622943
Mali,3.09991301016213,2.74912773755298,2.19402842275547,1.64255983514556,1.66395525277679
Malta,7.02341289238701,1.73573001006562,5.19857739445129,1.56979969325337,1.47093023044587
Myanmar,2.49328468190495,9.74847882390068,5.08183410223336,5.759520090802,6.08461268337797
Middle East & North Africa (excluding high income),-1.09511107042889,4.89331713217614,1.09820356331637,-1.07334302939418,-1.12198311247397
Montenegro,3.33238457780671,2.92545800874741,4.70468752737763,5.10254439807166,4.09623694324546
Mongolia,0.388463385380476,-0.433679901746515,3.68853378857119,5.82715120700583,3.80294008233133
Northern Mariana Islands,2.49751065125838,28.2738517644813,22.3735947242237,-19.8213790200896,-11.6457911935762
Mozambique,3.74042205271795,0.884713236588894,0.775346479703657,0.473340200048128,-0.616865368058384
Mauritania,2.37076098298319,-1.59018303722354,3.31636794202008,1.66083209679408,2.89992206394601
Mauritius,3.41602394691346,3.76659648343872,3.72056764157287,3.70309459271954,2.97917002128392
Malawi,0.0021044705434007,-0.255665063338284,1.26357063864582,1.67003366205537,2.69981228160685
Malaysia,3.68772164252655,3.04160128473568,4.38394395688798,3.43515895806416,3.0608088603617
North America,2.12502673181814,0.879867724562359,1.68480932235562,2.34544203984983,1.57481896410086
Namibia,2.39612202094233,-1.79643348191252,-2.86362140425037,-0.825493378477319,-2.72466136719636
New Caledonia,,,,,
Niger,0.418328365503129,1.7372252956601,1.04675078565515,3.19595439522324,1.99706262597826
Nigeria,-0.0292823054560643,-4.1683884058564,-1.78881762090789,-0.679724707768486,-0.379752402189268
Nicaragua,3.43655908431992,3.22379915267035,3.30721604895172,-4.56925348119202,-4.85210864564721
Netherlands,1.50826618391271,1.64931554652068,2.30428473259315,1.76493726416223,1.28988912106223
Norway,0.95750076290291,0.185059679800673,1.50018092554136,0.453550486030423,0.0679926261787642
Nepal,3.55633538398823,-0.481931971808237,7.5210298922342,5.84871082835983,4.74451271488148
Nauru,2.85400109961513,2.58258544968496,-6.66497138119038,5.09401596169923,-0.798959494611665
New Zealand,1.61720893840365,1.42623836172024,1.47153285884679,1.37354364665912,0.0275641486978628
OECD members,1.91758970502384,1.17497614929995,1.87517731727644,1.77212491578133,1.23281289416374
Oman,-0.891334462262279,0.0775161835069582,-3.70965167080264,-2.14297956471468,-4.02112716672669
Other small states,1.00601330941561,0.914328291613998,-0.797213809829699,0.177206790600778,0.141020125191261
Pakistan,2.56646710358606,3.34791165243369,3.38392800367239,3.68103446177759,-0.880818100199619
Panama,3.94283658821021,3.17045468651418,3.79946361861217,1.94510324446577,1.29253637338742
Peru,1.96334440822348,2.42290485450216,0.829126308957157,2.19794844938977,0.565474347551628
Philippines,4.68187850526492,5.54671238464452,5.3966531060456,4.86730872952965,4.68037644699137
Palau,7.29556213562459,-0.382245190865746,-3.77798662719752,-0.676091287518872,-2.38673482560449
Papua New Guinea,4.46146503356071,3.3981627986184,1.49445565230526,-2.22916792257401,2.45900693393675
Poland,4.30581423680569,3.1860709143334,4.81757385257684,5.35391420222633,4.77053944228503
Pre-demographic dividend,0.287522637366607,-0.544236459707491,-1.22332706901062,-0.252547956331767,0.515221410271138
Puerto Rico,0.706704568897791,0.666133347916414,-0.509099448693803,-0.18737030505585,1.47401058298671
"Korea, Dem. People's Rep.",,,,,
Portugal,2.2144828853083,2.34182321593775,3.75909438887767,3.01412372965098,2.65839260557085
Paraguay,1.58379371049865,2.89685661490968,3.44894824730363,1.88363182374449,-1.65407082014168
West Bank and Gaza,1.37258508832343,6.44666146094556,-0.577622802403482,-1.30481419195327,-1.15161366535136
Pacific island small states,2.34332243132395,2.33094948275816,2.88092971299794,1.42664165742772,-0.568482158564322
Post-demographic dividend,1.84669282908385,1.31963861138979,2.00099299533332,1.92968585577864,1.42977045296266
French Polynesia,,1.75934560999676,3.71396037737055,2.6857110948952,2.37569410108811
Qatar,0.404893040090641,-0.37872450351378,-4.04077563441363,-0.837914028240689,-1.1032324087458
Romania,3.43874923608918,5.30536396716246,7.9415586584485,5.09011110670698,4.73858787008214
Russian Federation,-2.18388838737465,0.0102484619192325,1.70938991615724,2.81552569192898,2.07881130890352
Rwanda,6.1238343540962,3.24843958156001,1.26747309893398,5.74614049530018,6.64358394861513
South Asia,6.03166330373581,6.34803142694622,5.31482224129563,5.17880140146161,2.83316200716395
Saudi Arabia,1.47706007191984,-0.603769618995187,-2.71382744999026,0.605723335699551,-1.32503213598616
Sudan,-0.513715753423682,1.01519722915089,-1.67431434434694,-4.98142712901878,-4.48984342796072
Senegal,3.42150148451282,3.41182379733205,4.4411878629361,3.29534615117551,1.57049679945986
Singapore,1.77390780774796,1.99706567047267,4.42782016185458,3.01247744349737,0.192150836011294
Solomon Islands,-1.28374907121884,3.09286869328508,2.59550850505579,1.26530359076786,-1.35921200161332
Sierra Leone,-22.3120965034419,3.78444419301765,1.97222909064014,1.27738952655478,3.05763409073658
El Salvador,1.91334416315701,2.04553340356148,1.73469434223202,1.9119532499339,1.86206594609182
San Marino,1.27996647714281,1.63264134497325,-0.241968818318767,1.20511638524026,2.13285251799644
Somalia,11.7838973866835,5.43115533466543,-0.245105662672273,4.6722676697127,5.03920506752881
Serbia,2.31101588882194,3.88118476026682,2.64598586238259,5.0675948814029,4.89309425558007
Sub-Saharan Africa (excluding high income),0.104692762337493,-1.51806395925389,-0.255714010073504,0.0079433326435776,-0.075835226416558
South Sudan,-12.1317983603027,,,,
Sub-Saharan Africa,0.10637481737821,-1.51522565705609,-0.253685796474514,0.0073218204184968,-0.0768410645230233
Small states,0.997135395632625,0.573511458812632,-0.617346848615057,0.431553484727104,0.165187251709
Sao Tome and Principe,1.97731863125929,2.22623330931071,1.91077016859155,1.02033794510234,0.302078271457091
Suriname,-4.42304623547729,-5.88315311840861,0.567009681821375,3.94868880728451,0.163586537511492
Slovak Republic,5.11570678786038,1.80035277956956,2.82050737986216,3.6507463416053,2.46660937052457
Slovenia,2.13325802761534,3.11634660116351,4.74710618321161,4.04458737932572,2.53409090453896
Sweden,3.39017629600058,0.79614630049835,1.19514757132167,0.772577449000039,0.957561656419784
Eswatini,1.39265165153255,0.159392270274722,1.04568593576538,1.33859129669773,1.55315112546384
Sint Maarten (Dutch part),-2.54799742433998,-2.37652931021542,-7.20461872134864,-6.78379495252608,
Seychelles,2.6233915237341,3.17327021348123,3.46414233289319,0.804608597076964,0.296482430091345
Syrian Arab Republic,0.649743497767503,-2.75679041479127,1.42046689646867,2.37767882977195,2.98763280226586
Turks and Caicos Islands,9.43374831039085,5.55255842807325,-3.95617949031259,4.06605759859266,3.87129129429537
Chad,-0.490723968196917,-9.15694224466328,-5.92875313174368,-0.674920920026565,0.209664512309331
East Asia & Pacific (IDA & IBRD countries),5.86465044516562,5.77959080499659,5.89094758605964,5.81492412535094,5.16966159968879
Europe & Central Asia (IDA & IBRD countries),0.89654610187641,1.42012392318782,3.69545464673229,3.05793947779517,2.25097935177097
Togo,3.06917664636548,2.93357911261434,1.79243016113288,2.43974208945798,2.93818166189259
Thailand,2.72014084683276,3.05004792655492,3.81867425078065,3.86148228881737,1.97689245743686
Tajikistan,3.47738299697102,4.31428456351641,4.48656343288916,4.99210090647853,4.86305682399173
Turkmenistan,4.60627168562475,4.37907625854506,4.73730275911537,4.50768703055272,4.66863745339606
Latin America & the Caribbean (IDA & IBRD countries),-0.548786230114345,-1.16838537058179,0.971941971048508,0.745122620023267,-0.150096980182227
Timor-Leste,0.874639774779823,1.4355266984744,-4.93996280439322,-2.62331202144843,17.211410382627
Middle East & North Africa (IDA & IBRD countries),-1.11861067849171,4.87834364768078,1.1161457963923,-1.06948480635587,-1.12022657680066
Tonga,1.41583317399663,6.18851952679165,2.452312649135,-0.863365350326134,-0.517228592727164
South Asia (IDA & IBRD),6.03166330373584,6.34803142694619,5.31482224129567,5.17880140146161,2.83316200716392
Sub-Saharan Africa (IDA & IBRD countries),0.106374817378168,-1.51522565705605,-0.253685796474556,0.0073218204185394,-0.0768410645230517
Trinidad and Tobago,0.891688877509651,-6.0973259692669,-3.44273320815914,-0.350171817474873,-1.60945212003946
Tunisia,-0.054598177447275,0.0082861647566119,1.08617526745563,1.34297688771908,0.278958759643274
Turkey,4.32812777141611,1.6424634093915,5.79426441255653,1.44952251842886,-0.427943737218101
Tuvalu,7.90386297188581,1.81467167715323,2.87584751386873,1.25271621034332,8.34353517280346
Tanzania,3.0275004785058,3.71677119545821,3.64371830176266,2.35508345813247,2.71933648559543
Uganda,1.57225486342148,1.01851489431277,-0.670054581381933,2.41677913677158,2.73474072805178
Ukraine,-9.44383110963591,2.85479785845692,2.810645078612,4.0163856007363,3.79371893400872
Upper middle income,3.47341274372086,3.44695224620548,4.40723505183702,4.23532085130689,3.52685527882213
Uruguay,0.0302704170296124,1.32968121444294,1.25792913208215,0.109558005853614,-0.0101989840723036
United States,2.31944145566627,0.977012681566976,1.68732140604138,2.45567919884604,1.69701129870931
Uzbekistan,5.36481697232252,4.10607276057955,2.6524847322477,3.54079676338269,3.74451756655768
St. Vincent and the Grenadines,1.08354784725813,1.58954170350691,0.669624012432067,1.80377924585939,0.185859074429359
"Venezuela, RB",,,,,
British Virgin Islands,,,,,
Virgin Islands (U.S.),-0.26792231561096,1.78607056891147,-0.517853882355141,1.85313503226421,2.53167435595158
Vietnam,5.57052594829395,5.11813729007686,5.7280884115717,6.01639837930368,6.00103665097893
Vanuatu,-2.30866935730764,1.9812444428333,3.64448510922514,0.377254096136937,1.41522700357308
World,1.96320390846685,1.63703698333157,2.21716481148262,2.13854609534094,1.52032777115821
Samoa,3.60160415801118,7.55377049599575,0.619350401445942,-1.62092175286475,3.86876461636214
Kosovo,7.37186722717121,6.20362255572238,4.03870892350164,3.05666474089918,5.23743315853207
"Yemen, Rep.",-29.8271446402656,-11.6111372548828,-7.34518042867448,-1.5945638098916,
South Africa,-0.218801180743498,-0.806311266588793,-0.265300653069517,0.113021477550987,-1.19609144119572
Zambia,-0.187950012505681,0.706659429492106,0.494085597516801,1.04803356100132,-1.45136446466172
Zimbabwe,0.100575480569987,-0.793105404843814,3.1924525709815,3.35616607123501,-7.46862686012715
